county_name,fips,nh_black_deaths,nh_black_population,nh_black_crude_death_rate
"Autauga County, AL",1001,69,9794,704.5
"Baldwin County, AL",1003,132,17451,756.4
"Barbour County, AL",1005,117,12957,903
"Bibb County, AL",1007,33,5092,648.1
"Bullock County, AL",1011,93,7666,1213.1
"Butler County, AL",1013,98,9118,1074.8
"Calhoun County, AL",1015,242,24726,978.7
"Chambers County, AL",1017,148,13376,1106.5
"Cherokee County, AL",1019,18,1278,1408.5
"Chilton County, AL",1021,35,4276,818.5
"Choctaw County, AL",1023,65,6029,1078.1
"Clarke County, AL",1025,145,11370,1275.3
"Clay County, AL",1027,30,2120,1415.1
"Coffee County, AL",1031,94,8522,1103
"Colbert County, AL",1033,103,8929,1153.5
"Conecuh County, AL",1035,64,6176,1036.3
"Coosa County, AL",1037,41,3596,1140.2
"Covington County, AL",1039,60,4832,1241.7
"Crenshaw County, AL",1041,37,3310,1117.8
"Dale County, AL",1045,85,9967,852.8
"Dallas County, AL",1047,294,30533,962.9
"Elmore County, AL",1051,109,16104,676.9
"Escambia County, AL",1053,95,12339,769.9
"Etowah County, AL",1055,162,16089,1006.9
"Fayette County, AL",1057,18,2015,893.3
"Franklin County, AL",1059,17,1301,1306.7
"Geneva County, AL",1061,24,2636,910.5
"Greene County, AL",1063,67,7380,907.9
"Hale County, AL",1065,94,9296,1011.2
"Henry County, AL",1067,53,4985,1063.2
"Houston County, AL",1069,209,26587,786.1
"Jackson County, AL",1071,29,1950,1487.2
"Jefferson County, AL",1073,2516,278243,904.2
"Lamar County, AL",1075,16,1697,942.8
"Lauderdale County, AL",1077,78,9512,820
"Lawrence County, AL",1079,49,4054,1208.7
"Lee County, AL",1081,232,32286,718.6
"Limestone County, AL",1083,67,10688,626.9
"Lowndes County, AL",1085,109,8312,1311.4
"Macon County, AL",1087,197,17775,1108.3
"Madison County, AL",1089,514,81809,628.3
"Marengo County, AL",1091,119,10922,1089.5
"Marion County, AL",1093,11,1246,882.8
"Marshall County, AL",1095,14,1619,864.7
"Mobile County, AL",1097,1273,144364,881.8
"Monroe County, AL",1099,106,9709,1091.8
"Montgomery County, AL",1101,898,126316,710.9
"Morgan County, AL",1103,121,14513,833.7
"Perry County, AL",1105,94,7276,1291.9
"Pickens County, AL",1107,106,8272,1281.4
"Pike County, AL",1109,116,12177,952.6
"Randolph County, AL",1111,50,4691,1065.9
"Russell County, AL",1113,195,22329,873.3
"St. Clair County, AL",1115,43,7310,588.2
"Shelby County, AL",1117,88,21137,416.3
"Sumter County, AL",1119,106,10317,1027.4
"Talladega County, AL",1121,208,26373,788.7
"Tallapoosa County, AL",1123,101,11194,902.3
"Tuscaloosa County, AL",1125,443,58061,763
"Walker County, AL",1127,38,4083,930.7
"Washington County, AL",1129,49,4406,1112.1
"Wilcox County, AL",1131,101,8443,1196.3
"Anchorage Borough, AK",2020,75,19515,384.3
"Fairbanks North Star Borough, AK",2090,14,5091,275
"Cochise County, AZ",4003,27,5734,470.9
"Maricopa County, AZ",4013,978,197208,495.9
"Mohave County, AZ",4015,14,2234,626.7
"Navajo County, AZ",4017,13,1093,1189.4
"Pima County, AZ",4019,215,35855,599.6
"Pinal County, AZ",4021,66,17869,369.4
"Yuma County, AZ",4027,11,3667,300
"Arkansas County, AR",5001,43,4733,908.5
"Ashley County, AR",5003,71,5686,1248.7
"Bradley County, AR",5011,40,3215,1244.2
"Calhoun County, AR",5013,16,1217,1314.7
"Chicot County, AR",5017,69,6390,1079.8
"Clark County, AR",5019,49,5488,892.9
"Cleveland County, AR",5025,11,1076,1022.3
"Columbia County, AR",5027,92,9118,1009
"Conway County, AR",5029,32,2495,1282.6
"Craighead County, AR",5031,53,13025,406.9
"Crittenden County, AR",5035,218,26206,831.9
"Cross County, AR",5037,48,4033,1190.2
"Dallas County, AR",5039,36,3455,1042
"Desha County, AR",5041,64,6227,1027.8
"Drew County, AR",5043,35,5233,668.8
"Faulkner County, AR",5045,57,11970,476.2
"Garland County, AR",5051,65,8085,804
"Hempstead County, AR",5057,73,6766,1078.9
"Hot Spring County, AR",5059,26,3696,703.5
"Howard County, AR",5061,36,2869,1254.8
"Independence County, AR",5063,10,817,1224
"Jackson County, AR",5067,27,3071,879.2
"Jefferson County, AR",5069,327,42987,760.7
"Lafayette County, AR",5073,44,2869,1533.6
"Lee County, AR",5077,61,5808,1050.3
"Lincoln County, AR",5079,31,4254,728.7
"Little River County, AR",5081,22,2582,852.1
"Lonoke County, AR",5085,45,4251,1058.6
"Miller County, AR",5091,82,10810,758.6
"Mississippi County, AR",5093,150,16034,935.5
"Monroe County, AR",5095,44,3366,1307.2
"Nevada County, AR",5099,31,2800,1107.1
"Ouachita County, AR",5103,119,10663,1116
"Phillips County, AR",5107,151,13769,1096.7
"Poinsett County, AR",5111,22,1857,1184.7
"Pope County, AR",5115,12,1931,621.4
"Prairie County, AR",5117,14,1083,1292.7
"Pulaski County, AR",5119,923,136070,678.3
"St. Francis County, AR",5123,115,14745,779.9
"Saline County, AR",5125,25,5191,481.6
"Sebastian County, AR",5131,60,8632,695.1
"Union County, AR",5139,171,13868,1233.1
"Washington County, AR",5143,20,6530,306.3
"White County, AR",5145,20,3354,596.3
"Woodruff County, AR",5147,30,2049,1464.1
"Alameda County, CA",6001,1783,197184,904.2
"Butte County, CA",6007,22,4325,508.7
"Contra Costa County, CA",6013,771,102626,751.3
"Fresno County, CA",6019,349,48863,714.2
"Imperial County, CA",6025,25,5394,463.5
"Kern County, CA",6029,298,49333,604.1
"Kings County, CA",6031,39,11239,347
"Lake County, CA",6033,25,1523,1641.5
"Los Angeles County, CA",6037,7484,862349,867.9
"Madera County, CA",6039,25,5550,450.5
"Marin County, CA",6041,32,7874,406.4
"Merced County, CA",6047,81,9844,822.8
"Monterey County, CA",6053,72,13186,546
"Napa County, CA",6055,16,2876,556.3
"Orange County, CA",6059,236,51395,459.2
"Placer County, CA",6061,24,5803,413.6
"Riverside County, CA",6065,813,143532,566.4
"Sacramento County, CA",6067,986,158096,623.7
"San Bernardino County, CA",6071,1163,184258,631.2
"San Diego County, CA",6073,898,165136,543.8
"San Francisco County, CA",6075,666,50977,1306.5
"San Joaquin County, CA",6077,377,53843,700.2
"San Luis Obispo County, CA",6079,17,6202,274.1
"San Mateo County, CA",6081,223,21693,1028
"Santa Barbara County, CA",6083,48,8859,541.8
"Santa Clara County, CA",6085,239,47789,500.1
"Santa Cruz County, CA",6087,17,3347,507.9
"Shasta County, CA",6089,14,2207,634.3
"Solano County, CA",6095,477,65666,726.4
"Sonoma County, CA",6097,49,9085,539.4
"Stanislaus County, CA",6099,88,15560,565.6
"Sutter County, CA",6101,15,2181,687.8
"Tulare County, CA",6107,52,6476,803
"Ventura County, CA",6111,90,15757,571.2
"Yolo County, CA",6113,30,5713,525.1
"Yuba County, CA",6115,15,2797,536.3
"Adams County, CO",8001,67,13951,480.3
"Arapahoe County, CO",8005,253,61473,411.6
"Denver County, CO",8031,566,62985,898.6
"Douglas County, CO",8035,10,4136,241.8
"El Paso County, CO",8041,191,42848,445.8
"Jefferson County, CO",8059,20,6372,313.9
"Pueblo County, CO",8101,28,3093,905.3
"Fairfield County, CT",9001,560,98275,569.8
"Hartford County, CT",9003,661,115543,572.1
"Litchfield County, CT",9005,17,2736,621.3
"Middlesex County, CT",9007,36,8070,446.1
"New Haven County, CT",9009,649,108262,599.5
"New London County, CT",9011,78,17413,447.9
"Tolland County, CT",9013,13,5215,249.3
"Windham County, CT",9015,12,2471,485.6
"Kent County, DE",10001,229,40012,572.3
"New Castle County, DE",10003,818,128971,634.3
"Sussex County, DE",10005,210,26028,806.8
"District of Columbia, DC",11001,3533,308113,1146.7
"Alachua County, FL",12001,367,51115,718
"Baker County, FL",12003,25,3747,667.2
"Bay County, FL",12005,135,18922,713.5
"Bradford County, FL",12007,31,5908,524.7
"Brevard County, FL",12009,451,55881,807.1
"Broward County, FL",12011,2273,463372,490.5
"Calhoun County, FL",12013,19,2055,924.6
"Charlotte County, FL",12015,79,9185,860.1
"Citrus County, FL",12017,34,4177,814
"Clay County, FL",12019,73,19177,380.7
"Collier County, FL",12021,80,20840,383.9
"Columbia County, FL",12023,85,12033,706.4
"DeSoto County, FL",12027,29,4432,654.3
"Duval County, FL",12031,1732,257352,673
"Escambia County, FL",12033,630,69865,901.7
"Flagler County, FL",12035,96,11052,868.6
"Gadsden County, FL",12039,226,26127,865
"Gulf County, FL",12045,22,3017,729.2
"Hamilton County, FL",12047,31,5127,604.6
"Hendry County, FL",12051,38,5165,735.7
"Hernando County, FL",12053,83,8693,954.8
"Highlands County, FL",12055,73,9133,799.3
"Hillsborough County, FL",12057,1135,198121,572.9
"Indian River County, FL",12061,99,12542,789.3
"Jackson County, FL",12063,103,13467,764.8
"Jefferson County, FL",12065,55,5359,1026.3
"Lake County, FL",12069,205,29105,704.3
"Lee County, FL",12071,273,50074,545.2
"Leon County, FL",12073,409,84452,484.3
"Levy County, FL",12075,43,3921,1096.7
"Madison County, FL",12079,73,7523,970.4
"Manatee County, FL",12081,165,28531,578.3
"Marion County, FL",12083,311,40898,760.4
"Martin County, FL",12085,47,7858,598.1
"Miami-Dade County, FL",12086,2981,434576,686
"Monroe County, FL",12087,26,4048,642.3
"Nassau County, FL",12089,51,4791,1064.5
"Okaloosa County, FL",12091,84,17784,472.3
"Okeechobee County, FL",12093,19,3246,585.3
"Orange County, FL",12095,1186,231598,512.1
"Osceola County, FL",12097,143,26252,544.7
"Palm Beach County, FL",12099,1122,228326,491.4
"Pasco County, FL",12101,102,20536,496.7
"Pinellas County, FL",12103,695,95721,726.1
"Polk County, FL",12105,615,88477,695.1
"Putnam County, FL",12107,141,12144,1161.1
"St. Johns County, FL",12109,78,10935,713.3
"St. Lucie County, FL",12111,327,53398,612.4
"Santa Rosa County, FL",12113,37,8627,428.9
"Sarasota County, FL",12115,124,18128,684
"Seminole County, FL",12117,280,46383,603.7
"Sumter County, FL",12119,44,8969,490.6
"Suwannee County, FL",12121,53,4833,1096.6
"Taylor County, FL",12123,34,4716,720.9
"Union County, FL",12125,49,3468,1412.9
"Volusia County, FL",12127,396,51570,767.9
"Wakulla County, FL",12129,12,4543,264.1
"Walton County, FL",12131,20,3331,600.4
"Washington County, FL",12133,23,3840,599
"Appling County, GA",13001,43,3420,1257.3
"Atkinson County, GA",13003,19,1456,1304.9
"Bacon County, GA",13005,17,1754,969.2
"Baker County, GA",13007,13,1623,801
"Baldwin County, GA",13009,126,19136,658.4
"Barrow County, GA",13013,51,8107,629.1
"Bartow County, GA",13015,68,10401,653.8
"Ben Hill County, GA",13017,49,6173,793.8
"Berrien County, GA",13019,19,2089,909.5
"Bibb County, GA",13021,753,81845,920
"Bleckley County, GA",13023,25,3586,697.2
"Brooks County, GA",13027,55,5750,956.5
"Bryan County, GA",13029,27,4406,612.8
"Bulloch County, GA",13031,124,19644,631.2
"Burke County, GA",13033,107,11609,921.7
"Butts County, GA",13035,56,6528,857.8
"Calhoun County, GA",13037,31,4133,750.1
"Camden County, GA",13039,60,10086,594.9
"Candler County, GA",13043,41,2709,1513.5
"Carroll County, GA",13045,116,20572,563.9
"Charlton County, GA",13049,23,3524,652.7
"Chatham County, GA",13051,873,107486,812.2
"Chattahoochee County, GA",13053,14,2183,641.3
"Chattooga County, GA",13055,22,3005,732.1
"Cherokee County, GA",13057,58,12414,467.2
"Clarke County, GA",13059,194,31410,617.6
"Clay County, GA",13061,25,1942,1287.3
"Clayton County, GA",13063,658,172353,381.8
"Clinch County, GA",13065,29,1916,1513.6
"Cobb County, GA",13067,590,173583,339.9
"Coffee County, GA",13069,56,11444,489.3
"Colquitt County, GA",13071,90,10314,872.6
"Columbia County, GA",13073,95,18827,504.6
"Cook County, GA",13075,44,4752,925.9
"Coweta County, GA",13077,150,22304,672.5
"Crawford County, GA",13079,24,2874,835.1
"Crisp County, GA",13081,89,10173,874.9
"Decatur County, GA",13087,97,11485,844.6
"DeKalb County, GA",13089,1977,377764,523.3
"Dodge County, GA",13091,55,6548,840
"Dooly County, GA",13093,43,7444,577.6
"Dougherty County, GA",13095,379,63873,593.4
"Douglas County, GA",13097,170,52489,323.9
"Early County, GA",13099,47,5491,855.9
"Effingham County, GA",13103,43,7220,595.6
"Elbert County, GA",13105,58,5992,968
"Emanuel County, GA",13107,72,7629,943.8
"Evans County, GA",13109,24,3203,749.3
"Fayette County, GA",13113,112,21739,515.2
"Floyd County, GA",13115,117,13982,836.8
"Franklin County, GA",13119,27,1930,1399
"Fulton County, GA",13121,3193,408622,781.4
"Glynn County, GA",13127,174,21022,827.7
"Gordon County, GA",13129,20,2141,934.1
"Grady County, GA",13131,52,7239,718.3
"Greene County, GA",13133,71,6165,1151.7
"Gwinnett County, GA",13135,487,189971,256.4
"Hall County, GA",13139,83,13289,624.6
"Hancock County, GA",13141,51,6992,729.4
"Haralson County, GA",13143,17,1457,1166.8
"Harris County, GA",13145,62,5566,1113.9
"Hart County, GA",13147,37,4813,768.8
"Heard County, GA",13149,15,1207,1242.8
"Henry County, GA",13151,262,75728,346
"Houston County, GA",13153,199,40695,489
"Irwin County, GA",13155,23,2491,923.3
"Jackson County, GA",13157,36,4305,836.2
"Jasper County, GA",13159,22,3104,708.8
"Jeff Davis County, GA",13161,13,2261,575
"Jefferson County, GA",13163,88,9266,949.7
"Jenkins County, GA",13165,33,3403,969.7
"Johnson County, GA",13167,19,3500,542.9
"Jones County, GA",13169,38,7089,536
"Lamar County, GA",13171,44,5758,764.2
"Lanier County, GA",13173,14,2452,571
"Laurens County, GA",13175,186,17521,1061.6
"Lee County, GA",13177,15,5333,281.3
"Liberty County, GA",13179,123,27288,450.7
"Lincoln County, GA",13181,29,2585,1121.9
"Long County, GA",13183,15,3701,405.3
"Lowndes County, GA",13185,284,39624,716.7
"McDuffie County, GA",13189,108,8791,1228.5
"McIntosh County, GA",13191,43,5217,824.2
"Macon County, GA",13193,73,8982,812.7
"Madison County, GA",13195,32,2399,1333.9
"Marion County, GA",13197,27,2883,936.5
"Meriwether County, GA",13199,86,8709,987.5
"Miller County, GA",13201,29,1730,1676.3
"Mitchell County, GA",13205,98,11275,869.2
"Monroe County, GA",13207,68,6336,1073.2
"Montgomery County, GA",13209,16,2422,660.6
"Morgan County, GA",13211,51,4277,1192.4
"Muscogee County, GA",13215,707,87628,806.8
"Newton County, GA",13217,203,41133,493.5
"Oconee County, GA",13219,20,1672,1196.2
"Oglethorpe County, GA",13221,21,2676,784.8
"Paulding County, GA",13223,59,24655,239.3
"Peach County, GA",13225,101,12840,786.6
"Pierce County, GA",13229,23,1705,1349
"Pike County, GA",13231,24,1904,1260.5
"Polk County, GA",13233,39,5341,730.2
"Pulaski County, GA",13235,36,3861,932.4
"Putnam County, GA",13237,48,5579,860.4
"Randolph County, GA",13243,52,4781,1087.6
"Richmond County, GA",13245,859,109910,781.5
"Rockdale County, GA",13247,167,39716,420.5
"Screven County, GA",13251,53,6360,833.3
"Seminole County, GA",13253,31,2927,1059.1
"Spalding County, GA",13255,142,21320,666
"Stephens County, GA",13257,29,2998,967.3
"Stewart County, GA",13259,42,2861,1468
"Sumter County, GA",13261,151,17038,886.3
"Talbot County, GA",13263,33,4083,808.2
"Taliaferro County, GA",13265,15,1041,1440.9
"Tattnall County, GA",13267,51,7542,676.2
"Taylor County, GA",13269,34,3529,963.4
"Telfair County, GA",13271,39,5891,662
"Terrell County, GA",13273,46,5727,803.2
"Thomas County, GA",13275,168,16608,1011.6
"Tift County, GA",13277,98,11724,835.9
"Toombs County, GA",13279,51,6856,743.9
"Treutlen County, GA",13283,24,2266,1059.1
"Troup County, GA",13285,178,22735,782.9
"Turner County, GA",13287,34,3733,910.8
"Twiggs County, GA",13289,34,3753,905.9
"Upson County, GA",13293,81,7654,1058.3
"Walker County, GA",13295,33,3051,1081.6
"Walton County, GA",13297,123,13320,923.4
"Ware County, GA",13299,95,10854,875.3
"Warren County, GA",13301,35,3607,970.3
"Washington County, GA",13303,104,11254,924.1
"Wayne County, GA",13305,48,6110,785.6
"Wheeler County, GA",13309,10,2612,382.8
"Whitfield County, GA",13313,28,3966,706
"Wilcox County, GA",13315,38,3282,1157.8
"Wilkes County, GA",13317,54,4623,1168.1
"Wilkinson County, GA",13319,39,3708,1051.8
"Worth County, GA",13321,38,6031,630.1
"Hawaii County, HI",15001,11,1873,587.3
"Honolulu County, HI",15003,57,25073,227.3
"Ada County, ID",16001,13,5428,239.5
"Adams County, IL",17001,19,2776,684.4
"Alexander County, IL",17003,21,3003,699.3
"Champaign County, IL",17019,139,26209,530.4
"Cook County, IL",17031,11660,1287791,905.4
"DeKalb County, IL",17037,12,6992,171.6
"DuPage County, IL",17043,167,43546,383.5
"Jackson County, IL",17077,43,9035,475.9
"Jefferson County, IL",17081,29,3431,845.2
"Kane County, IL",17089,139,29552,470.4
"Kankakee County, IL",17091,115,17826,645.1
"Kendall County, IL",17093,18,6784,265.3
"Knox County, IL",17095,23,4274,538.1
"Lake County, IL",17097,303,49882,607.4
"LaSalle County, IL",17099,13,2477,524.8
"McHenry County, IL",17111,10,3632,275.3
"McLean County, IL",17113,50,13561,368.7
"Macon County, IL",17115,134,19247,696.2
"Madison County, IL",17119,178,22537,789.8
"Marion County, IL",17121,24,1822,1317.2
"Massac County, IL",17127,14,1037,1350
"Morgan County, IL",17137,11,2405,457.4
"Peoria County, IL",17143,211,35067,601.7
"Pulaski County, IL",17153,17,2031,837
"Randolph County, IL",17157,11,3342,329.1
"Rock Island County, IL",17161,87,14252,610.4
"St. Clair County, IL",17163,630,84053,749.5
"Saline County, IL",17165,16,1141,1402.3
"Sangamon County, IL",17167,140,25043,559
"Stephenson County, IL",17177,28,4809,582.2
"Vermilion County, IL",17183,75,11105,675.4
"Will County, IL",17197,333,77123,431.8
"Williamson County, IL",17199,11,2880,381.9
"Winnebago County, IL",17201,219,37854,578.5
"Allen County, IN",18003,280,44835,624.5
"Clark County, IN",18019,61,8539,714.4
"Delaware County, IN",18035,76,8940,850.1
"Elkhart County, IN",18039,52,12466,417.1
"Floyd County, IN",18043,29,4381,661.9
"Grant County, IN",18053,50,5499,909.3
"Hamilton County, IN",18057,35,10412,336.2
"Hendricks County, IN",18063,11,7545,145.8
"Howard County, IN",18067,33,6361,518.8
"Lake County, IN",18089,1180,128188,920.5
"La Porte County, IN",18091,71,12758,556.5
"Madison County, IN",18095,99,11687,847.1
"Marion County, IN",18097,1742,248459,701.1
"Porter County, IN",18127,18,5105,352.6
"St. Joseph County, IN",18141,258,36139,713.9
"Tippecanoe County, IN",18157,24,7593,316.1
"Vanderburgh County, IN",18163,135,18004,749.8
"Vigo County, IN",18167,46,8345,551.2
"Wayne County, IN",18177,29,4179,693.9
"Black Hawk County, IA",19013,84,12605,666.4
"Des Moines County, IA",19057,18,2405,748.4
"Johnson County, IA",19103,18,6956,258.8
"Linn County, IA",19113,29,9954,291.3
"Polk County, IA",19153,171,28527,599.4
"Scott County, IA",19163,83,13120,632.6
"Woodbury County, IA",19193,10,3135,319
"Cowley County, KS",20035,16,1216,1315.8
"Douglas County, KS",20045,26,5265,493.8
"Geary County, KS",20061,29,6790,427.1
"Johnson County, KS",20091,72,25733,279.8
"Labette County, KS",20099,11,1207,911.4
"Leavenworth County, KS",20103,46,7593,605.8
"Montgomery County, KS",20125,22,2335,942.2
"Reno County, KS",20155,19,2287,830.8
"Riley County, KS",20161,14,5000,280
"Saline County, KS",20169,14,2283,613.2
"Sedgwick County, KS",20173,376,50074,750.9
"Shawnee County, KS",20177,127,16860,753.3
"Wyandotte County, KS",20209,342,40868,836.8
"Barren County, KY",21009,17,1810,939.2
"Bell County, KY",21013,10,742,1347.7
"Boone County, KY",21015,12,3273,366.6
"Bourbon County, KY",21017,16,1299,1231.7
"Boyle County, KY",21021,26,2308,1126.5
"Christian County, KY",21047,122,16213,752.5
"Clark County, KY",21049,17,1819,934.6
"Daviess County, KY",21059,41,5181,791.4
"Fayette County, KY",21067,306,44664,685.1
"Franklin County, KY",21073,21,5505,381.5
"Fulton County, KY",21075,16,1671,957.5
"Graves County, KY",21083,17,1815,936.6
"Hardin County, KY",21093,56,13016,430.2
"Henderson County, KY",21101,43,3837,1120.7
"Hopkins County, KY",21107,32,3371,949.3
"Jefferson County, KY",21111,1208,158386,762.7
"Jessamine County, KY",21113,12,1703,704.6
"Kenton County, KY",21117,40,8029,498.2
"Lincoln County, KY",21137,11,638,1724.1
"Logan County, KY",21141,21,1885,1114.1
"McCracken County, KY",21145,70,7686,910.7
"Madison County, KY",21151,30,4009,748.3
"Marion County, KY",21155,15,1736,864.1
"Mason County, KY",21161,12,1244,964.6
"Mercer County, KY",21167,10,871,1148.1
"Nelson County, KY",21179,17,2360,720.3
"Oldham County, KY",21185,16,2775,576.6
"Pulaski County, KY",21199,10,829,1206.3
"Scott County, KY",21209,14,2676,523.2
"Shelby County, KY",21211,20,3318,602.8
"Simpson County, KY",21213,19,1740,1092
"Taylor County, KY",21217,13,1346,965.8
"Todd County, KY",21219,10,1025,975.6
"Trigg County, KY",21221,17,1245,1365.5
"Union County, KY",21225,14,1881,744.3
"Warren County, KY",21227,70,10885,643.1
"Woodford County, KY",21239,17,1314,1293.8
"Acadia Parish, LA",22001,117,11403,1026
"Allen Parish, LA",22003,37,6127,603.9
"Ascension Parish, LA",22005,161,24131,667.2
"Assumption Parish, LA",22007,58,7195,806.1
"Avoyelles Parish, LA",22009,112,12677,883.5
"Beauregard Parish, LA",22011,41,4805,853.3
"Bienville Parish, LA",22013,80,6114,1308.5
"Bossier Parish, LA",22015,174,24927,698
"Caddo Parish, LA",22017,1099,121312,905.9
"Calcasieu Parish, LA",22019,430,49032,877
"Caldwell Parish, LA",22021,25,1763,1418
"Catahoula Parish, LA",22025,28,3303,847.7
"Claiborne Parish, LA",22027,77,8778,877.2
"Concordia Parish, LA",22029,102,8583,1188.4
"De Soto Parish, LA",22031,116,10520,1102.7
"East Baton Rouge Parish, LA",22033,1479,200974,735.9
"East Carroll Parish, LA",22035,50,5361,932.7
"East Feliciana Parish, LA",22037,64,9184,696.9
"Evangeline Parish, LA",22039,75,9731,770.7
"Franklin Parish, LA",22041,79,6560,1204.3
"Grant Parish, LA",22043,30,3526,850.8
"Iberia Parish, LA",22045,217,23800,911.8
"Iberville Parish, LA",22047,113,16482,685.6
"Jackson Parish, LA",22049,58,4908,1181.7
"Jefferson Parish, LA",22051,762,113690,670.2
"Jefferson Davis Parish, LA",22053,51,5694,895.7
"Lafayette Parish, LA",22055,407,57867,703.3
"Lafourche Parish, LA",22057,77,13041,590.4
"LaSalle Parish, LA",22059,11,1791,614.2
"Lincoln Parish, LA",22061,135,19071,707.9
"Livingston Parish, LA",22063,47,6684,703.2
"Madison Parish, LA",22065,75,7413,1011.7
"Morehouse Parish, LA",22067,143,13195,1083.7
"Natchitoches Parish, LA",22069,136,16689,814.9
"Orleans Parish, LA",22071,1789,207927,860.4
"Ouachita Parish, LA",22073,437,56658,771.3
"Plaquemines Parish, LA",22075,33,4824,684.1
"Pointe Coupee Parish, LA",22077,89,8378,1062.3
"Rapides Parish, LA",22079,385,42658,902.5
"Red River Parish, LA",22081,32,3623,883.2
"Richland Parish, LA",22083,83,7476,1110.2
"Sabine Parish, LA",22085,39,4140,942
"St. Bernard Parish, LA",22087,24,6451,372
"St. Charles Parish, LA",22089,108,14118,765
"St. Helena Parish, LA",22091,59,6009,981.9
"St. James Parish, LA",22093,84,11249,746.7
"St. John the Baptist Parish, LA",22095,177,24674,717.4
"St. Landry Parish, LA",22097,354,34983,1011.9
"St. Martin Parish, LA",22099,122,16207,752.8
"St. Mary Parish, LA",22101,147,18032,815.2
"St. Tammany Parish, LA",22103,171,27497,621.9
"Tangipahoa Parish, LA",22105,274,36985,740.8
"Tensas Parish, LA",22107,31,2981,1039.9
"Terrebonne Parish, LA",22109,164,21656,757.3
"Union Parish, LA",22111,69,6197,1113.4
"Vermilion Parish, LA",22113,71,8475,837.8
"Vernon Parish, LA",22115,32,7783,411.2
"Washington Parish, LA",22117,142,14752,962.6
"Webster Parish, LA",22119,177,13938,1269.9
"West Baton Rouge Parish, LA",22121,68,9077,749.1
"West Carroll Parish, LA",22123,15,1844,813.4
"West Feliciana Parish, LA",22125,47,7289,644.8
"Winn Parish, LA",22127,35,4727,740.4
"Cumberland County, ME",23005,16,7576,211.2
"Allegany County, MD",24001,14,6324,221.4
"Anne Arundel County, MD",24003,511,85618,596.8
"Baltimore County, MD",24005,1189,212991,558.2
"Calvert County, MD",24009,90,12441,723.4
"Caroline County, MD",24011,44,4756,925.1
"Carroll County, MD",24013,38,5651,672.4
"Cecil County, MD",24015,45,6602,681.6
"Charles County, MD",24017,275,61493,447.2
"Dorchester County, MD",24019,89,9203,967.1
"Frederick County, MD",24021,105,20944,501.3
"Harford County, MD",24025,174,31867,546
"Howard County, MD",24027,205,51831,395.5
"Kent County, MD",24029,34,3153,1078.3
"Montgomery County, MD",24031,737,168972,436.2
"Prince George's County, MD",24033,3365,561700,599.1
"Queen Anne's County, MD",24035,39,3415,1142
"St. Mary's County, MD",24037,103,15817,651.2
"Somerset County, MD",24039,81,11344,714
"Talbot County, MD",24041,51,4971,1026
"Washington County, MD",24043,47,14965,314.1
"Wicomico County, MD",24045,188,24529,766.4
"Worcester County, MD",24047,96,7267,1321
"Baltimore city, MD",24510,4230,399782,1058.1
"Barnstable County, MA",25001,43,5277,814.9
"Berkshire County, MA",25003,17,4179,406.8
"Bristol County, MA",25005,145,21489,674.8
"Essex County, MA",25009,91,22097,411.8
"Hampden County, MA",25013,283,38394,737.1
"Hampshire County, MA",25015,12,4352,275.7
"Middlesex County, MA",25017,250,73013,342.4
"Norfolk County, MA",25021,137,39807,344.2
"Plymouth County, MA",25023,205,44060,465.3
"Suffolk County, MA",25025,996,156498,636.4
"Worcester County, MA",25027,101,32526,310.5
"Allegan County, MI",26005,10,1678,595.9
"Bay County, MI",26017,10,2202,454.1
"Berrien County, MI",26021,208,24955,833.5
"Calhoun County, MI",26025,166,16265,1020.6
"Cass County, MI",26027,29,3344,867.2
"Eaton County, MI",26045,38,7416,512.4
"Genesee County, MI",26049,797,91614,870
"Ingham County, MI",26065,170,35775,475.2
"Jackson County, MI",26075,69,14140,488
"Kalamazoo County, MI",26077,181,29739,608.6
"Kent County, MI",26081,329,61858,531.9
"Lake County, MI",26085,15,1147,1307.8
"Macomb County, MI",26099,367,76180,481.8
"Monroe County, MI",26115,13,3784,343.6
"Muskegon County, MI",26121,182,26188,695
"Oakland County, MI",26125,1262,168732,747.9
"Ottawa County, MI",26139,11,4476,245.8
"Saginaw County, MI",26145,323,38786,832.8
"St. Clair County, MI",26147,43,4630,928.7
"St. Joseph County, MI",26149,20,1965,1017.8
"Tuscola County, MI",26157,10,718,1392.8
"Van Buren County, MI",26159,34,3549,958
"Washtenaw County, MI",26161,259,46539,556.5
"Wayne County, MI",26163,7406,749268,988.4
"Anoka County, MN",27003,28,16248,172.3
"Dakota County, MN",27037,49,20916,234.3
"Hennepin County, MN",27053,521,144995,359.3
"Olmsted County, MN",27109,15,7602,197.3
"Ramsey County, MN",27123,205,59634,343.8
"St. Louis County, MN",27137,14,3614,387.4
"Washington County, MN",27163,25,9468,264
"Adams County, MS",28001,216,17333,1246.2
"Alcorn County, MS",28003,49,4311,1136.6
"Amite County, MS",28005,41,5438,754
"Attala County, MS",28007,91,8238,1104.6
"Benton County, MS",28009,39,3272,1191.9
"Bolivar County, MS",28011,253,21947,1152.8
"Calhoun County, MS",28013,41,4200,976.2
"Carroll County, MS",28015,40,3486,1147.4
"Chickasaw County, MS",28017,63,7366,855.3
"Choctaw County, MS",28019,28,2598,1077.8
"Claiborne County, MS",28021,64,8110,789.1
"Clarke County, MS",28023,67,5793,1156.6
"Clay County, MS",28025,102,12046,846.8
"Coahoma County, MS",28027,178,19778,900
"Copiah County, MS",28029,124,15052,823.8
"Covington County, MS",28031,46,6866,670
"DeSoto County, MS",28033,153,35630,429.4
"Forrest County, MS",28035,218,27374,796.4
"Franklin County, MS",28037,21,2799,750.3
"George County, MS",28039,10,1868,535.3
"Greene County, MS",28041,17,3784,449.3
"Grenada County, MS",28043,92,9185,1001.6
"Hancock County, MS",28045,28,3274,855.2
"Harrison County, MS",28047,296,42325,699.4
"Hinds County, MS",28049,1095,170218,643.3
"Holmes County, MS",28051,143,16003,893.6
"Humphreys County, MS",28053,65,6992,929.6
"Itawamba County, MS",28057,11,1425,771.9
"Jackson County, MS",28059,211,30455,692.8
"Jasper County, MS",28061,71,9009,788.1
"Jefferson County, MS",28063,67,6618,1012.4
"Jefferson Davis County, MS",28065,70,7504,932.8
"Jones County, MS",28067,139,19257,721.8
"Kemper County, MS",28069,53,6322,838.3
"Lafayette County, MS",28071,89,11292,788.2
"Lamar County, MS",28073,40,11002,363.6
"Lauderdale County, MS",28075,275,34458,798.1
"Lawrence County, MS",28077,41,3998,1025.5
"Leake County, MS",28079,80,9696,825.1
"Lee County, MS",28081,156,22905,681.1
"Leflore County, MS",28083,196,23373,838.6
"Lincoln County, MS",28085,96,10515,913
"Lowndes County, MS",28087,221,26169,844.5
"Madison County, MS",28089,342,36516,936.6
"Marion County, MS",28091,100,8827,1132.9
"Marshall County, MS",28093,158,17520,901.8
"Monroe County, MS",28095,115,11504,999.7
"Montgomery County, MS",28097,74,4982,1485.3
"Neshoba County, MS",28099,49,6305,777.2
"Newton County, MS",28101,72,6607,1089.8
"Noxubee County, MS",28103,76,8283,917.5
"Oktibbeha County, MS",28105,127,17582,722.3
"Panola County, MS",28107,121,16951,713.8
"Pearl River County, MS",28109,65,7074,918.9
"Perry County, MS",28111,31,2514,1233.1
"Pike County, MS",28113,208,20872,996.6
"Pontotoc County, MS",28115,18,4222,426.3
"Prentiss County, MS",28117,32,3574,895.4
"Quitman County, MS",28119,60,5749,1043.7
"Rankin County, MS",28121,178,26911,661.4
"Scott County, MS",28123,106,10669,993.5
"Sharkey County, MS",28125,29,3495,829.8
"Simpson County, MS",28127,77,9713,792.8
"Smith County, MS",28129,39,3794,1027.9
"Stone County, MS",28131,22,3443,639
"Sunflower County, MS",28133,185,21456,862.2
"Tallahatchie County, MS",28135,69,8715,791.7
"Tate County, MS",28137,68,8848,768.5
"Tippah County, MS",28139,39,3624,1076.2
"Tunica County, MS",28143,62,7948,780.1
"Union County, MS",28145,38,4015,946.5
"Walthall County, MS",28147,75,6903,1086.5
"Warren County, MS",28149,210,23019,912.3
"Washington County, MS",28151,351,36523,961
"Wayne County, MS",28153,70,8111,863
"Webster County, MS",28155,31,2068,1499
"Wilkinson County, MS",28157,84,6985,1202.6
"Winston County, MS",28159,92,8821,1043
"Yalobusha County, MS",28161,41,4837,847.6
"Yazoo County, MS",28163,122,16007,762.2
"Audrain County, MO",29007,19,1825,1041.1
"Boone County, MO",29019,74,16558,446.9
"Buchanan County, MO",29021,32,5315,602.1
"Butler County, MO",29023,32,2526,1266.8
"Cape Girardeau County, MO",29031,22,5808,378.8
"Clay County, MO",29047,43,12531,343.1
"Cole County, MO",29051,35,8958,390.7
"Dunklin County, MO",29069,25,3285,761
"Franklin County, MO",29071,10,1081,925.1
"Greene County, MO",29077,57,9536,597.7
"Jackson County, MO",29095,1319,166059,794.3
"Jasper County, MO",29097,10,2898,345.1
"Johnson County, MO",29101,12,2567,467.5
"Marion County, MO",29127,10,1662,601.7
"Mississippi County, MO",29133,31,3487,889
"New Madrid County, MO",29143,28,3094,905
"Pemiscot County, MO",29155,49,5010,978
"Pettis County, MO",29159,15,1555,964.6
"Pike County, MO",29163,13,1437,904.7
"Platte County, MO",29165,11,5599,196.5
"Pulaski County, MO",29169,14,6351,220.4
"Randolph County, MO",29175,11,1676,656.3
"St. Charles County, MO",29183,71,16431,432.1
"St. Louis County, MO",29189,1736,237817,730
"Saline County, MO",29195,10,1415,706.7
"Scott County, MO",29201,28,4665,600.2
"St. Louis city, MO",29510,1607,159882,1005.1
"Douglas County, NE",31055,452,63852,707.9
"Lancaster County, NE",31109,36,12024,299.4
"Sarpy County, NE",31153,25,7310,342
"Clark County, NV",32003,1305,213414,611.5
"Washoe County, NV",32031,58,11097,522.7
"Hillsborough County, NH",33011,21,8681,241.9
"Rockingham County, NH",33015,13,2324,559.4
"Atlantic County, NJ",34001,425,42871,991.3
"Bergen County, NJ",34003,316,49497,638.4
"Burlington County, NJ",34005,527,75650,696.6
"Camden County, NJ",34007,781,98228,795.1
"Cape May County, NJ",34009,64,4731,1352.8
"Cumberland County, NJ",34011,210,30959,678.3
"Essex County, NJ",34013,2561,316573,809
"Gloucester County, NJ",34015,220,29636,742.3
"Hudson County, NJ",34017,505,74935,673.9
"Hunterdon County, NJ",34019,12,3467,346.1
"Mercer County, NJ",34021,617,73792,836.1
"Middlesex County, NJ",34023,380,74866,507.6
"Monmouth County, NJ",34025,414,46501,890.3
"Morris County, NJ",34027,97,15393,630.2
"Ocean County, NJ",34029,152,17995,844.7
"Passaic County, NJ",34031,470,57296,820.3
"Salem County, NJ",34033,104,9409,1105.3
"Somerset County, NJ",34035,132,28788,458.5
"Union County, NJ",34039,860,115043,747.5
"Warren County, NJ",34041,14,3934,355.9
"Bernalillo County, NM",35001,121,19182,630.8
"Chaves County, NM",35005,11,1220,901.6
"Curry County, NM",35009,21,3094,678.7
"Dona Ana County, NM",35013,30,3281,914.4
"Lea County, NM",35025,26,2596,1001.5
"Otero County, NM",35035,24,2400,1000
"Sandoval County, NM",35043,13,2962,438.9
"Albany County, NY",36001,215,38959,551.9
"Bronx County, NY",36005,3015,430532,700.3
"Broome County, NY",36007,52,10336,503.1
"Chautauqua County, NY",36013,11,3488,315.4
"Chemung County, NY",36015,29,6419,451.8
"Clinton County, NY",36019,10,3267,306.1
"Columbia County, NY",36021,24,3131,766.5
"Dutchess County, NY",36027,177,29593,598.1
"Erie County, NY",36029,1061,124462,852.5
"Genesee County, NY",36037,12,1801,666.3
"Greene County, NY",36039,22,2922,752.9
"Jefferson County, NY",36045,18,6325,284.6
"Kings County, NY",36047,5137,820307,626.2
"Livingston County, NY",36051,10,1672,598.1
"Monroe County, NY",36055,672,112728,596.1
"Nassau County, NY",36059,940,147414,637.7
"New York County, NY",36061,2234,214359,1042.2
"Niagara County, NY",36063,119,15922,747.4
"Oneida County, NY",36065,95,15082,629.9
"Onondaga County, NY",36067,333,53273,625.1
"Ontario County, NY",36069,23,2642,870.6
"Orange County, NY",36071,215,36779,584.6
"Putnam County, NY",36079,10,2294,435.9
"Queens County, NY",36081,2730,420448,649.3
"Rensselaer County, NY",36083,71,10774,659
"Richmond County, NY",36085,213,46455,458.5
"Rockland County, NY",36087,169,36301,465.6
"Saratoga County, NY",36091,18,3798,473.9
"Schenectady County, NY",36093,61,16160,377.5
"Steuben County, NY",36101,14,1862,751.9
"Suffolk County, NY",36103,683,109090,626.1
"Sullivan County, NY",36105,51,6955,733.3
"Tompkins County, NY",36109,26,4593,566.1
"Ulster County, NY",36111,54,11422,472.8
"Wayne County, NY",36117,19,3205,592.8
"Westchester County, NY",36119,896,132223,677.6
"Alamance County, NC",37001,281,28951,970.6
"Alexander County, NC",37003,16,2153,743.1
"Anson County, NC",37007,122,13214,923.3
"Beaufort County, NC",37013,146,12348,1182.4
"Bertie County, NC",37015,128,13383,956.4
"Bladen County, NC",37017,146,12417,1175.8
"Brunswick County, NC",37019,87,12635,688.6
"Buncombe County, NC",37021,145,16163,897.1
"Burke County, NC",37023,65,6329,1027
"Cabarrus County, NC",37025,157,27505,570.8
"Caldwell County, NC",37027,50,4328,1155.3
"Camden County, NC",37029,11,1357,810.6
"Carteret County, NC",37031,38,4293,885.2
"Caswell County, NC",37033,82,8170,1003.7
"Catawba County, NC",37035,117,13622,858.9
"Chatham County, NC",37037,85,8566,992.3
"Chowan County, NC",37041,61,5121,1191.2
"Cleveland County, NC",37045,181,20789,870.7
"Columbus County, NC",37047,216,17919,1205.4
"Craven County, NC",37049,203,23749,854.8
"Cumberland County, NC",37051,778,119523,650.9
"Currituck County, NC",37053,19,1418,1339.9
"Davidson County, NC",37057,113,14811,762.9
"Davie County, NC",37059,24,2731,878.8
"Duplin County, NC",37061,153,14867,1029.1
"Durham County, NC",37063,706,103017,685.3
"Edgecombe County, NC",37065,292,32656,894.2
"Forsyth County, NC",37067,669,92067,726.6
"Franklin County, NC",37069,135,16374,824.5
"Gaston County, NC",37071,249,31931,779.8
"Gates County, NC",37073,42,4161,1009.4
"Granville County, NC",37077,145,19861,730.1
"Greene County, NC",37079,70,8025,872.3
"Guilford County, NC",37081,966,161702,597.4
"Halifax County, NC",37083,281,29325,958.2
"Harnett County, NC",37085,178,24703,720.6
"Henderson County, NC",37089,47,3556,1321.7
"Hertford County, NC",37091,139,15022,925.3
"Hoke County, NC",37093,104,16056,647.7
"Hyde County, NC",37095,15,1881,797.4
"Iredell County, NC",37097,164,19541,839.3
"Johnston County, NC",37101,197,25834,762.6
"Jones County, NC",37103,45,3369,1335.7
"Lee County, NC",37105,114,11679,976.1
"Lenoir County, NC",37107,298,24310,1225.8
"Lincoln County, NC",37109,39,4467,873.1
"McDowell County, NC",37111,22,1793,1227
"Martin County, NC",37117,125,10735,1164.4
"Mecklenburg County, NC",37119,1583,285447,554.6
"Montgomery County, NC",37123,46,5317,865.1
"Moore County, NC",37125,118,12147,971.4
"Nash County, NC",37127,334,36138,924.2
"New Hanover County, NC",37129,282,30528,923.7
"Northampton County, NC",37131,139,12989,1070.1
"Onslow County, NC",37133,145,28775,503.9
"Orange County, NC",37135,139,16439,845.6
"Pamlico County, NC",37137,30,2683,1118.2
"Pasquotank County, NC",37139,141,15654,900.7
"Pender County, NC",37141,106,9469,1119.4
"Perquimans County, NC",37143,39,3388,1151.1
"Person County, NC",37145,109,10881,1001.7
"Pitt County, NC",37147,400,58191,687.4
"Polk County, NC",37149,13,983,1322.5
"Randolph County, NC",37151,90,8469,1062.7
"Richmond County, NC",37153,153,14454,1058.5
"Robeson County, NC",37155,276,32992,836.6
"Rockingham County, NC",37157,187,18120,1032
"Rowan County, NC",37159,185,22708,814.7
"Rutherford County, NC",37161,68,7219,942
"Sampson County, NC",37163,197,17345,1135.8
"Scotland County, NC",37165,118,14102,836.8
"Stanly County, NC",37167,65,6811,954.3
"Stokes County, NC",37169,24,2019,1188.7
"Surry County, NC",37171,32,2877,1112.3
"Transylvania County, NC",37175,15,1441,1040.9
"Union County, NC",37179,163,23955,680.4
"Vance County, NC",37181,220,22789,965.4
"Wake County, NC",37183,978,188969,517.5
"Warren County, NC",37185,135,11102,1216
"Washington County, NC",37187,69,6631,1040.6
"Wayne County, NC",37191,354,39104,905.3
"Wilkes County, NC",37193,31,3043,1018.7
"Wilson County, NC",37195,316,32003,987.4
"Yadkin County, NC",37197,18,1259,1429.7
"Allen County, OH",39003,103,13866,742.8
"Ashtabula County, OH",39007,33,4158,793.7
"Belmont County, OH",39013,24,3153,761.2
"Butler County, OH",39017,148,28782,514.2
"Clark County, OH",39023,156,13532,1152.8
"Clermont County, OH",39025,17,2814,604.1
"Columbiana County, OH",39029,16,2781,575.3
"Cuyahoga County, OH",39035,3573,384559,929.1
"Delaware County, OH",39041,16,6520,245.4
"Erie County, OH",39043,65,7507,865.9
"Fairfield County, OH",39045,22,9383,234.5
"Franklin County, OH",39049,1660,257303,645.2
"Gallia County, OH",39053,13,977,1330.6
"Greene County, OH",39057,63,12784,492.8
"Guernsey County, OH",39059,11,867,1268.7
"Hamilton County, OH",39061,1743,211924,822.5
"Jefferson County, OH",39081,49,4375,1120
"Lake County, OH",39085,56,8151,687
"Lawrence County, OH",39087,15,1583,947.6
"Licking County, OH",39089,26,6556,396.6
"Lorain County, OH",39093,200,26987,741.1
"Lucas County, OH",39095,736,87807,838.2
"Mahoning County, OH",39099,448,38191,1173.1
"Marion County, OH",39101,16,4198,381.1
"Miami County, OH",39109,17,2759,616.2
"Montgomery County, OH",39113,1035,116419,889
"Muskingum County, OH",39119,45,4252,1058.3
"Portage County, OH",39133,31,7476,414.7
"Richland County, OH",39139,79,12540,630
"Ross County, OH",39141,25,5446,459.1
"Sandusky County, OH",39143,12,2116,567.1
"Scioto County, OH",39145,10,2511,398.2
"Seneca County, OH",39147,12,1636,733.5
"Stark County, OH",39151,252,31929,789.3
"Summit County, OH",39153,651,81976,794.1
"Trumbull County, OH",39155,180,18644,965.5
"Warren County, OH",39165,14,7431,188.4
"Washington County, OH",39167,12,907,1323
"Wayne County, OH",39169,12,2203,544.7
"Canadian County, OK",40017,11,3413,322.3
"Carter County, OK",40019,36,3651,986
"Choctaw County, OK",40023,25,1817,1375.9
"Cleveland County, OK",40027,46,12667,363.1
"Comanche County, OK",40031,126,23087,545.8
"Creek County, OK",40037,17,2026,839.1
"Custer County, OK",40039,10,927,1078.7
"Garfield County, OK",40047,21,2132,985
"Garvin County, OK",40049,16,838,1909.3
"Grady County, OK",40051,14,1482,944.7
"Jackson County, OK",40065,17,2106,807.2
"Le Flore County, OK",40079,14,1207,1159.9
"Logan County, OK",40083,38,4052,937.8
"McCurtain County, OK",40089,39,3151,1237.7
"McIntosh County, OK",40091,19,825,2303
"Muskogee County, OK",40101,114,8727,1306.3
"Okfuskee County, OK",40107,17,1075,1581.4
"Oklahoma County, OK",40109,915,118592,771.6
"Okmulgee County, OK",40111,40,3911,1022.8
"Osage County, OK",40113,40,5764,694
"Payne County, OK",40119,14,3320,421.7
"Pittsburg County, OK",40121,20,1808,1106.2
"Pottawatomie County, OK",40125,17,2521,674.3
"Seminole County, OK",40133,13,1412,920.7
"Tulsa County, OK",40143,524,70399,744.3
"Wagoner County, OK",40145,28,3251,861.3
"Washington County, OK",40147,14,1565,894.6
"Clackamas County, OR",41005,15,4013,373.8
"Lane County, OR",41039,14,4873,287.3
"Marion County, OR",41047,14,4063,344.6
"Multnomah County, OR",41051,296,46560,635.7
"Washington County, OR",41067,33,11439,288.5
"Adams County, PA",42001,17,1761,965.4
"Allegheny County, PA",42003,1636,167948,974.1
"Beaver County, PA",42007,126,11636,1082.8
"Berks County, PA",42011,121,18350,659.4
"Blair County, PA",42013,15,2532,592.4
"Bucks County, PA",42017,124,23516,527.3
"Butler County, PA",42019,10,2304,434
"Cambria County, PA",42021,45,5719,786.9
"Chester County, PA",42029,214,31511,679.1
"Crawford County, PA",42039,13,1807,719.4
"Cumberland County, PA",42041,28,8289,337.8
"Dauphin County, PA",42043,416,49556,839.5
"Delaware County, PA",42045,770,111869,688.3
"Erie County, PA",42049,119,21515,553.1
"Fayette County, PA",42051,67,6892,972.1
"Franklin County, PA",42055,41,5197,788.9
"Lackawanna County, PA",42069,25,5612,445.5
"Lancaster County, PA",42071,92,18466,498.2
"Lawrence County, PA",42073,31,4085,758.9
"Lebanon County, PA",42075,14,2520,555.6
"Lehigh County, PA",42077,75,19086,393
"Luzerne County, PA",42079,25,10545,237.1
"Lycoming County, PA",42081,26,5790,449.1
"Mercer County, PA",42085,54,7250,744.8
"Monroe County, PA",42089,67,21817,307.1
"Montgomery County, PA",42091,544,71647,759.3
"Northampton County, PA",42095,60,14598,411
"Philadelphia County, PA",42101,6435,660507,974.3
"Pike County, PA",42103,13,3306,393.2
"Somerset County, PA",42111,10,1938,516
"Washington County, PA",42125,76,7671,990.7
"Westmoreland County, PA",42129,75,9817,764
"York County, PA",42133,113,24944,453
"Kent County, RI",44003,11,2859,384.7
"Newport County, RI",44005,21,3408,616.2
"Providence County, RI",44007,255,55267,461.4
"Washington County, RI",44009,11,1923,572
"Abbeville County, SC",45001,69,7286,947
"Aiken County, SC",45003,297,40024,742.1
"Allendale County, SC",45005,72,7696,935.6
"Anderson County, SC",45007,261,30712,849.8
"Bamberg County, SC",45009,108,9865,1094.8
"Barnwell County, SC",45011,87,10129,858.9
"Beaufort County, SC",45013,233,31602,737.3
"Berkeley County, SC",45015,292,45452,642.4
"Calhoun County, SC",45017,85,6508,1306.1
"Charleston County, SC",45019,965,105305,916.4
"Cherokee County, SC",45021,89,11476,775.5
"Chester County, SC",45023,113,12590,897.5
"Chesterfield County, SC",45025,132,15537,849.6
"Clarendon County, SC",45027,172,17531,981.1
"Colleton County, SC",45029,165,15360,1074.2
"Darlington County, SC",45031,275,28823,954.1
"Dillon County, SC",45033,147,15002,979.9
"Dorchester County, SC",45035,233,35990,647.4
"Edgefield County, SC",45037,81,10089,802.9
"Fairfield County, SC",45039,131,14285,917
"Florence County, SC",45041,507,56934,890.5
"Georgetown County, SC",45043,199,20369,977
"Greenville County, SC",45045,554,82807,669
"Greenwood County, SC",45047,190,22029,862.5
"Hampton County, SC",45049,103,11408,902.9
"Horry County, SC",45051,298,37184,801.4
"Jasper County, SC",45053,116,11447,1013.4
"Kershaw County, SC",45055,132,15377,858.4
"Lancaster County, SC",45057,129,18545,695.6
"Laurens County, SC",45059,174,17119,1016.4
"Lee County, SC",45061,113,12407,910.8
"Lexington County, SC",45063,219,38225,572.9
"McCormick County, SC",45065,50,5124,975.8
"Marion County, SC",45067,199,18567,1071.8
"Marlboro County, SC",45069,134,14857,901.9
"Newberry County, SC",45071,132,11737,1124.6
"Oconee County, SC",45073,54,5871,919.8
"Orangeburg County, SC",45075,589,57816,1018.7
"Pickens County, SC",45077,66,8198,805.1
"Richland County, SC",45079,1058,178401,593
"Saluda County, SC",45081,59,5291,1115.1
"Spartanburg County, SC",45083,483,59561,810.9
"Sumter County, SC",45085,483,50936,948.2
"Union County, SC",45087,88,9203,956.2
"Williamsburg County, SC",45089,244,22678,1075.9
"York County, SC",45091,311,43663,712.3
"Anderson County, TN",47001,26,3172,819.7
"Bedford County, TN",47003,34,3687,922.2
"Blount County, TN",47009,27,3693,731.1
"Bradley County, TN",47011,27,4513,598.3
"Carroll County, TN",47017,40,3018,1325.4
"Chester County, TN",47023,12,1664,721.2
"Coffee County, TN",47031,17,2071,820.9
"Crockett County, TN",47033,29,1914,1515.2
"Davidson County, TN",47037,1216,176851,687.6
"Dickson County, TN",47043,24,2263,1060.5
"Dyer County, TN",47045,45,5670,793.7
"Fayette County, TN",47047,102,10838,941.1
"Franklin County, TN",47051,21,2238,938.3
"Gibson County, TN",47053,125,9556,1308.1
"Giles County, TN",47055,41,3192,1284.5
"Greene County, TN",47059,13,1546,840.9
"Hamblen County, TN",47063,34,2738,1241.8
"Hamilton County, TN",47065,540,69014,782.4
"Hardeman County, TN",47069,93,11355,819
"Hardin County, TN",47071,17,990,1717.2
"Hawkins County, TN",47073,11,838,1312.6
"Haywood County, TN",47075,92,9551,963.2
"Henderson County, TN",47077,26,2372,1096.1
"Henry County, TN",47079,39,2755,1415.6
"Jefferson County, TN",47089,10,1170,854.7
"Knox County, TN",47093,321,39780,806.9
"Lauderdale County, TN",47097,53,9850,538.1
"Lawrence County, TN",47099,12,759,1581
"Lincoln County, TN",47103,32,2397,1335
"McMinn County, TN",47107,28,2254,1242.2
"McNairy County, TN",47109,16,1638,976.8
"Madison County, TN",47113,268,36138,741.6
"Marshall County, TN",47117,21,2135,983.6
"Maury County, TN",47119,94,10551,890.9
"Monroe County, TN",47123,15,1037,1446.5
"Montgomery County, TN",47125,185,34298,539.4
"Obion County, TN",47131,35,3486,1004
"Putnam County, TN",47141,11,1641,670.3
"Roane County, TN",47145,18,1620,1111.1
"Robertson County, TN",47147,65,5085,1278.3
"Rutherford County, TN",47149,161,34181,471
"Shelby County, TN",47157,3731,486929,766.2
"Sullivan County, TN",47163,38,3693,1029
"Sumner County, TN",47165,72,10779,668
"Tipton County, TN",47167,83,11649,712.5
"Trousdale County, TN",47169,12,798,1503.8
"Washington County, TN",47179,38,5225,727.3
"Weakley County, TN",47183,24,2852,841.5
"Williamson County, TN",47187,53,8236,643.5
"Wilson County, TN",47189,56,7656,731.5
"Anderson County, TX",48001,103,12435,828.3
"Angelina County, TX",48005,118,13131,898.6
"Austin County, TX",48015,25,2729,916.1
"Bastrop County, TX",48021,53,5828,909.4
"Bell County, TX",48027,311,67604,460
"Bexar County, TX",48029,817,123556,661.2
"Bowie County, TX",48037,182,22783,798.8
"Brazoria County, TX",48039,156,37947,411.1
"Brazos County, TX",48041,118,21412,551.1
"Brown County, TX",48049,18,1435,1254.4
"Burleson County, TX",48051,21,2124,988.7
"Caldwell County, TX",48055,30,2565,1169.6
"Camp County, TX",48063,23,2213,1039.3
"Cass County, TX",48067,75,5421,1383.5
"Chambers County, TX",48071,26,2904,895.3
"Cherokee County, TX",48073,71,7633,930.2
"Collin County, TX",48085,158,67582,233.8
"Colorado County, TX",48089,40,2702,1480.4
"Cooke County, TX",48097,10,1152,868.1
"Coryell County, TX",48099,40,12534,319.1
"Dallas County, TX",48113,3479,528017,658.9
"Denton County, TX",48121,131,56730,230.9
"DeWitt County, TX",48123,19,1870,1016
"Ector County, TX",48135,58,5831,994.7
"Ellis County, TX",48139,77,13484,571
"El Paso County, TX",48141,129,22061,584.7
"Falls County, TX",48145,46,4526,1016.3
"Fannin County, TX",48147,20,2386,838.2
"Fayette County, TX",48149,23,1652,1392.3
"Fort Bend County, TX",48157,502,125629,399.6
"Freestone County, TX",48161,25,3216,777.4
"Galveston County, TX",48167,373,40066,931
"Gonzales County, TX",48177,23,1401,1641.7
"Gray County, TX",48179,11,1123,979.5
"Grayson County, TX",48181,59,7449,792.1
"Gregg County, TX",48183,238,24699,963.6
"Grimes County, TX",48185,49,4442,1103.1
"Guadalupe County, TX",48187,55,8428,652.6
"Hale County, TX",48189,15,1891,793.2
"Hardin County, TX",48199,42,3269,1284.8
"Harris County, TX",48201,5306,768117,690.8
"Harrison County, TX",48203,168,14580,1152.3
"Hays County, TX",48209,31,5362,578.1
"Henderson County, TX",48213,47,4967,946.2
"Hidalgo County, TX",48215,12,2963,405
"Hill County, TX",48217,22,2292,959.9
"Hopkins County, TX",48223,37,2594,1426.4
"Houston County, TX",48225,65,6226,1044
"Howard County, TX",48227,15,2172,690.6
"Hunt County, TX",48231,56,7233,774.2
"Jackson County, TX",48239,11,976,1127
"Jasper County, TX",48241,65,6093,1066.8
"Jefferson County, TX",48245,734,85801,855.5
"Johnson County, TX",48251,24,4080,588.2
"Kaufman County, TX",48257,80,10876,735.6
"Lamar County, TX",48277,70,6911,1012.9
"Lavaca County, TX",48285,16,1301,1229.8
"Lee County, TX",48287,12,1857,646.2
"Leon County, TX",48289,19,1224,1552.3
"Liberty County, TX",48291,62,8311,746
"Limestone County, TX",48293,52,4158,1250.6
"Lubbock County, TX",48303,174,20657,842.3
"McLennan County, TX",48309,309,34866,886.3
"Madison County, TX",48313,14,2740,510.9
"Marion County, TX",48315,38,2389,1590.6
"Matagorda County, TX",48321,56,4175,1341.3
"Midland County, TX",48329,71,9007,788.3
"Milam County, TX",48331,31,2450,1265.3
"Montgomery County, TX",48339,113,19412,582.1
"Morris County, TX",48343,34,3045,1116.6
"Nacogdoches County, TX",48347,95,11854,801.4
"Navarro County, TX",48349,60,6668,899.8
"Newton County, TX",48351,27,2953,914.3
"Nolan County, TX",48353,10,725,1379.3
"Nueces County, TX",48355,125,12810,975.8
"Orange County, TX",48361,67,7088,945.3
"Palo Pinto County, TX",48363,11,666,1651.7
"Panola County, TX",48365,40,3957,1010.9
"Polk County, TX",48373,39,5292,737
"Potter County, TX",48375,62,12415,499.4
"Red River County, TX",48387,30,2266,1323.9
"Robertson County, TX",48395,48,3568,1345.3
"Rockwall County, TX",48397,18,4595,391.7
"Rusk County, TX",48401,105,9605,1093.2
"Sabine County, TX",48403,16,823,1944.1
"San Augustine County, TX",48405,38,2053,1850.9
"San Jacinto County, TX",48407,31,2760,1123.2
"San Patricio County, TX",48409,14,1001,1398.6
"Shelby County, TX",48419,59,4488,1314.6
"Smith County, TX",48423,318,38109,834.4
"Tarrant County, TX",48439,1453,269951,538.2
"Taylor County, TX",48441,55,9811,560.6
"Titus County, TX",48449,35,3075,1138.2
"Tom Green County, TX",48451,27,4320,625
"Travis County, TX",48453,553,86660,638.1
"Trinity County, TX",48455,13,1418,916.8
"Tyler County, TX",48457,16,2459,650.7
"Upshur County, TX",48459,51,3559,1433
"Van Zandt County, TX",48467,20,1528,1308.9
"Victoria County, TX",48469,59,5418,1089
"Walker County, TX",48471,93,15403,603.8
"Waller County, TX",48473,58,10732,540.4
"Washington County, TX",48477,48,5972,803.8
"Wharton County, TX",48481,57,5765,988.7
"Wichita County, TX",48485,94,14019,670.5
"Wilbarger County, TX",48487,15,1107,1355
"Williamson County, TX",48491,82,26450,310
"Wood County, TX",48499,19,2053,925.5
"Davis County, UT",49011,11,4381,251.1
"Salt Lake County, UT",49035,63,17820,353.5
"Weber County, UT",49057,23,3506,656
"Accomack County, VA",51001,137,9443,1450.8
"Albemarle County, VA",51003,64,10060,636.2
"Amelia County, VA",51007,33,3001,1099.6
"Amherst County, VA",51009,74,6383,1159.3
"Appomattox County, VA",51011,39,3129,1246.4
"Arlington County, VA",51013,125,18030,693.3
"Augusta County, VA",51015,13,3104,418.8
"Bedford County, VA",51019,52,4079,1274.8
"Botetourt County, VA",51023,13,1049,1239.3
"Brunswick County, VA",51025,119,10060,1182.9
"Buckingham County, VA",51029,46,6139,749.3
"Campbell County, VA",51031,87,8063,1079
"Caroline County, VA",51033,66,8681,760.3
"Charles City County, VA",51036,41,3616,1133.8
"Charlotte County, VA",51037,38,3815,996.1
"Chesterfield County, VA",51041,293,70714,414.3
"Clarke County, VA",51043,17,784,2168.4
"Culpeper County, VA",51047,50,7606,657.4
"Cumberland County, VA",51049,30,3361,892.6
"Dinwiddie County, VA",51053,78,9294,839.3
"Essex County, VA",51057,44,4351,1011.3
"Fairfax County, VA",51059,350,101333,345.4
"Fauquier County, VA",51061,66,5593,1180
"Fluvanna County, VA",51065,26,4099,634.3
"Franklin County, VA",51067,48,4811,997.7
"Frederick County, VA",51069,11,3480,316.1
"Gloucester County, VA",51073,40,3360,1190.5
"Goochland County, VA",51075,37,4232,874.3
"Greensville County, VA",51081,60,7348,816.5
"Halifax County, VA",51083,178,13448,1323.6
"Hanover County, VA",51085,74,9568,773.4
"Henrico County, VA",51087,508,92045,551.9
"Henry County, VA",51089,118,12140,972
"Isle of Wight County, VA",51093,89,8852,1005.4
"James City County, VA",51095,61,9115,669.2
"King and Queen County, VA",51097,22,2030,1083.7
"King George County, VA",51099,30,4396,682.4
"King William County, VA",51101,27,2943,917.4
"Lancaster County, VA",51103,39,3220,1211.2
"Loudoun County, VA",51107,107,23691,451.6
"Louisa County, VA",51109,67,6166,1086.6
"Lunenburg County, VA",51111,41,4559,899.3
"Madison County, VA",51113,13,1401,927.9
"Mathews County, VA",51115,20,856,2336.4
"Mecklenburg County, VA",51117,149,12203,1221
"Middlesex County, VA",51119,28,2018,1387.5
"Montgomery County, VA",51121,18,3990,451.1
"Nelson County, VA",51125,37,2020,1831.7
"New Kent County, VA",51127,29,2588,1120.6
"Northampton County, VA",51131,75,4574,1639.7
"Northumberland County, VA",51133,36,3181,1131.7
"Nottoway County, VA",51135,87,6270,1387.6
"Orange County, VA",51137,32,4484,713.6
"Patrick County, VA",51141,13,1154,1126.5
"Pittsylvania County, VA",51143,157,14222,1103.9
"Powhatan County, VA",51145,35,3909,895.4
"Prince Edward County, VA",51147,71,7863,903
"Prince George County, VA",51149,45,11588,388.3
"Prince William County, VA",51153,285,83277,342.2
"Pulaski County, VA",51155,26,1911,1360.5
"Rappahannock County, VA",51157,10,368,2717.4
"Richmond County, VA",51159,34,2864,1187.2
"Roanoke County, VA",51161,32,4920,650.4
"Rockbridge County, VA",51163,11,655,1679.4
"Southampton County, VA",51175,82,7028,1166.8
"Spotsylvania County, VA",51177,111,19371,573
"Stafford County, VA",51179,84,22553,372.5
"Surry County, VA",51181,41,3303,1241.3
"Sussex County, VA",51183,68,7053,964.1
"Tazewell County, VA",51185,16,1456,1098.9
"Warren County, VA",51187,16,1872,854.7
"Washington County, VA",51191,12,760,1578.9
"Westmoreland County, VA",51193,49,5027,974.7
"Wythe County, VA",51197,12,926,1295.9
"York County, VA",51199,69,9114,757.1
"Alexandria city, VA",51510,183,30966,591
"Bedford city, VA",51515,15,1312,1143.3
"Bristol city, VA",51520,11,1119,983
"Charlottesville city, VA",51540,75,8733,858.8
"Chesapeake city, VA",51550,439,67029,654.9
"Colonial Heights city, VA",51570,14,1827,766.3
"Danville city, VA",51590,227,21005,1080.7
"Emporia city, VA",51595,47,3738,1257.4
"Fairfax city, VA",51600,13,1113,1168
"Franklin city, VA",51620,65,4968,1308.4
"Fredericksburg city, VA",51630,36,5659,636.2
"Hampton city, VA",51650,527,69288,760.6
"Harrisonburg city, VA",51660,14,3205,436.8
"Hopewell city, VA",51670,69,8531,808.8
"Lynchburg city, VA",51680,168,22794,737
"Manassas city, VA",51683,25,5260,475.3
"Martinsville city, VA",51690,94,6347,1481
"Newport News city, VA",51700,491,74937,655.2
"Norfolk city, VA",51710,847,105903,799.8
"Petersburg city, VA",51730,299,25813,1158.3
"Portsmouth city, VA",51740,496,51556,962.1
"Richmond city, VA",51760,1044,104472,999.3
"Roanoke city, VA",51770,245,28503,859.6
"Salem city, VA",51775,12,1831,655.4
"Staunton city, VA",51790,23,3125,736
"Suffolk city, VA",51800,306,36635,835.3
"Virginia Beach city, VA",51810,408,87707,465.2
"Waynesboro city, VA",51820,24,2440,983.6
"Williamsburg city, VA",51830,23,2023,1136.9
"Winchester city, VA",51840,25,3065,815.7
"Clark County, WA",53011,48,10719,447.8
"Franklin County, WA",53021,12,1566,766.3
"King County, WA",53033,687,133423,514.9
"Kitsap County, WA",53035,30,8681,345.6
"Pierce County, WA",53053,323,65755,491.2
"Snohomish County, WA",53061,53,22082,240
"Spokane County, WA",53063,47,11187,420.1
"Thurston County, WA",53067,19,8751,217.1
"Whatcom County, WA",53073,10,2780,359.7
"Yakima County, WA",53077,13,2360,550.8
"Berkeley County, WV",54003,41,7939,516.4
"Cabell County, WV",54011,29,5291,548.1
"Fayette County, WV",54019,38,2295,1655.8
"Greenbrier County, WV",54025,15,1157,1296.5
"Harrison County, WV",54033,15,1370,1094.9
"Jefferson County, WV",54037,25,3779,661.6
"Kanawha County, WV",54039,135,15263,884.5
"Logan County, WV",54045,13,856,1518.7
"McDowell County, WV",54047,44,2192,2007.3
"Marion County, WV",54049,16,2117,755.8
"Mercer County, WV",54055,51,4045,1260.8
"Monongalia County, WV",54061,10,3911,255.7
"Ohio County, WV",54069,16,1889,847
"Raleigh County, WV",54081,67,6781,988.1
"Wood County, WV",54107,12,1245,963.9
"Brown County, WI",55009,12,6423,186.8
"Dane County, WI",55025,104,28286,367.7
"Kenosha County, WI",55059,58,11877,488.3
"La Crosse County, WI",55063,11,2039,539.5
"Milwaukee County, WI",55079,1730,257505,671.8
"Racine County, WI",55101,158,22731,695.1
"Rock County, WI",55105,68,8902,763.9
"Waukesha County, WI",55133,21,5519,380.5
"Laramie County, WY",56021,12,2560,468.8